model,protocol,accuracy,std_accuracy,macro_f1,std_macro_f1,historical_test_acc,historical_cv_mean
Logistic Regression,Protocol A (Random Stratified 80/20),0.9066666666666666,0.0,0.9055747357152416,0.0,0.96,0.9251
Logistic Regression,Protocol B (Grouped Holdout 10-Seeds),0.9291711711711713,0.02191430284315551,0.9289791809316943,0.02121520170192664,0.96,0.9251
Logistic Regression,Protocol C (Grouped 5-Fold CV Seed 42),0.9411142721669037,0.013799916116453521,0.9389128431116485,0.015609735863750631,0.96,0.9251
Logistic Regression,Protocol C (Grouped 5-Fold CV 5-Seeds Repeated),0.9512642958748222,0.005748074678507453,0.9499061833281959,0.006037272397743119,0.96,0.9251
Logistic Regression,Protocol D (Random Stratified 5-Fold CV 5-Seeds Repeated),0.9614630630630631,0.0027861799069962283,0.9606335293232042,0.003202743992034224,0.96,0.9251
Logistic Regression,Protocol D vs C Difference (D minus C),0.010198767188240865,0.0,0.010727345995008353,0.0,,
Decision Tree,Protocol A (Random Stratified 80/20),0.8933333333333333,0.0,0.8926923076923078,0.0,0.9733,0.8956
Decision Tree,Protocol B (Grouped Holdout 10-Seeds),0.9131711711711711,0.03296366234913681,0.9126816779512128,0.0337647940046855,0.9733,0.8956
Decision Tree,Protocol C (Grouped 5-Fold CV Seed 42),0.9199193930772879,0.023314779243667275,0.9177768490224565,0.023233018799411146,0.9733,0.8956
Decision Tree,Protocol C (Grouped 5-Fold CV 5-Seeds Repeated),0.9245528686581318,0.010357213840686759,0.9229737688009207,0.010976627227294734,0.9733,0.8956
Decision Tree,Protocol D (Random Stratified 5-Fold CV 5-Seeds Repeated),0.9571963963963963,0.005018069451593999,0.9566007267959045,0.004902374507015571,0.9733,0.8956
Decision Tree,Protocol D vs C Difference (D minus C),0.03264352773826451,0.0,0.03362695799498372,0.0,,
Random Forest,Protocol A (Random Stratified 80/20),0.92,0.0,0.9193589743589744,0.0,0.9467,0.925
Random Forest,Protocol B (Grouped Holdout 10-Seeds),0.9412072072072073,0.026964979828736975,0.9398059597199426,0.02845288467326249,0.9467,0.925
Random Forest,Protocol C (Grouped 5-Fold CV Seed 42),0.9412214319582741,0.013455879226243793,0.9396076359530856,0.01499485769037782,0.9467,0.925
Random Forest,Protocol C (Grouped 5-Fold CV 5-Seeds Repeated),0.9427087719298246,0.00902427275441254,0.9413858670921231,0.009189948336498681,0.9467,0.925
Random Forest,Protocol D (Random Stratified 5-Fold CV 5-Seeds Repeated),0.9759135135135137,0.0024423395176790905,0.9751089891175614,0.0028771784837546737,0.9467,0.925
Random Forest,Protocol D vs C Difference (D minus C),0.033204741583689135,0.0,0.03372312202543826,0.0,,
XGBoost,Protocol A (Random Stratified 80/20),0.9466666666666667,0.0,0.9453354804079441,0.0,0.9733,0.9252
XGBoost,Protocol B (Grouped Holdout 10-Seeds),0.9318558558558558,0.033075683086255886,0.9300106689918206,0.035410326272300036,0.9733,0.9252
XGBoost,Protocol C (Grouped 5-Fold CV Seed 42),0.959782835467046,0.019010314679698027,0.9590421717764308,0.018885695981506027,0.9733,0.9252
XGBoost,Protocol C (Grouped 5-Fold CV 5-Seeds Repeated),0.9470188715030818,0.007325587630256444,0.9450599080282662,0.007805679938608656,0.9733,0.9252
XGBoost,Protocol D (Random Stratified 5-Fold CV 5-Seeds Repeated),0.9764612612612613,0.006161525703394269,0.9759164718193043,0.00635244039775754,0.9733,0.9252
XGBoost,Protocol D vs C Difference (D minus C),0.029442389758179477,0.0,0.030856563791038072,0.0,,
MLP Classifier,Protocol A (Random Stratified 80/20),0.9466666666666667,0.0,0.9427981719003391,0.0,0.88,0.8065
MLP Classifier,Protocol B (Grouped Holdout 10-Seeds),0.9131711711711713,0.021132984537634538,0.9109442343651617,0.020911985767727008,0.88,0.8065
MLP Classifier,Protocol C (Grouped 5-Fold CV Seed 42),0.9144096728307254,0.013688729892657937,0.9099995174322307,0.014762218136968291,0.88,0.8065
MLP Classifier,Protocol C (Grouped 5-Fold CV 5-Seeds Repeated),0.9165957325746801,0.00802644939569987,0.9128817154520646,0.008210459874876177,0.88,0.8065
MLP Classifier,Protocol D (Random Stratified 5-Fold CV 5-Seeds Repeated),0.9240432432432432,0.0049880643190034595,0.9192454242041727,0.005629723437785263,0.88,0.8065
MLP Classifier,Protocol D vs C Difference (D minus C),0.007447510668563084,0.0,0.0063637087521080105,0.0,,
Majority-Class Baseline,Computed Baseline (All Protocols),0.3770053475935829,0.0,0.18252427184466022,0.0,,
